userId,latitude,longitude
1,40.74589830254715,-73.98004894603775
2,40.683171910479444,-73.98418953897259
3,40.74504427799998,-73.98209740426083
4,40.79930585925708,-73.95126182697159
5,40.7229804024,-74.03237382109992
6,40.737296662192996,-73.9542226650439
7,40.779018709647865,-73.95863373563361
8,40.771085052126004,-73.98335049795287
9,40.73093716048485,-73.98226402509086
10,40.74519028496775,-73.98517077825807
11,40.730783024031076,-73.98387222922473
12,40.707146602228335,-73.88456682426222
13,40.91012203047346,-73.90636032881653
14,40.74185688339818,-73.98906585445694
15,40.75511224218183,-73.98288854159094
16,40.86033254495497,-74.01059332342341
17,40.77447922281246,-74.09953511768745
18,40.71186940510002,-73.98783476570001
19,40.76236891391415,-74.03124316471421
20,40.658296087291696,-73.97187585010415
21,40.75328515743062,-73.97148999666688
22,40.73390902168143,-73.97673424522121
23,40.76040059606963,-73.96378424646764
24,40.785844373963926,-73.98034190855866
25,40.76756775491069,-73.97973484193457
26,40.878921550616404,-74.02999483321918
27,40.825185769591855,-73.93569855030616
28,40.742705843088245,-74.0434804164706
29,40.674396146918625,-73.97505736162786
30,40.72434757776225,-74.00669465237765
31,40.74729394289721,-73.9039130528972
32,40.72112819314284,-74.00188011857139
33,40.72178236328357,-73.95861025805974
34,40.737470000581055,-73.91631573636076
35,40.71360174364866,-73.96999313581084
36,40.74461291739439,-74.01353959971824
37,40.76320665648651,-73.98801153940543
38,40.809304858191474,-73.91353057414891
39,40.72489070959462,-73.98980586364866
40,40.75017794352207,-73.86944339842772
41,40.69424216000001,-73.98146568384617
42,40.70680307411758,-73.96933897277307
43,40.756367219928094,-73.83484810266185
44,40.745944643522705,-74.20395670193179
45,40.74603641697476,-73.99450292352935
46,40.7355523841026,-73.90341593673072
47,40.73898810796116,-73.97668997543684
48,40.721509698623876,-73.97067459000003
49,40.80117084482751,-73.96843839806014
50,40.72528385266202,-73.93027821600663
51,40.72861361568746,-73.9707084273125
52,40.74122308791305,-73.99118342017391
53,40.86300036960006,-74.05485233106667
54,40.73047445165358,-73.98847803007861
55,40.73431264933963,-73.9993041696226
56,40.73564779539251,-73.97718633269638
57,40.79444064228575,-74.0716409869286
58,40.74308819217821,-73.96834337000001
59,40.75080373396826,-73.87719033999997
60,40.768466019903904,-74.1853688785578
61,40.81397687458334,-73.93055257274997
62,40.75147941293579,-73.96836327642202
63,40.72457327966102,-73.97208047076273
64,40.73868505681162,-73.9812877609421
65,40.769574088050845,-74.05675792894066
66,40.76941522291668,-73.95370054049998
67,40.846708336804824,-73.86935914461534
68,40.742543208014204,-74.00454451134755
69,40.71564945190971,-73.89069993371527
70,40.736061512626705,-73.94414464559135
71,40.74380525681823,-73.99422576084427
72,40.673119696111065,-73.98474920944442
73,40.807615567833466,-73.9388451071112
74,40.7426683035976,-74.08246707189015
75,40.763874445117985,-73.98394214220453
76,40.733949293272715,-73.94816734118184
77,40.83294678079997,-73.90823277216
78,40.699532321531535,-73.966052952973
79,40.71869231666674,-73.98604284727276
80,40.71086556996719,-73.96365584616403
81,40.767401092171916,-73.95906035108636
82,40.77030429645988,-73.76216295255486
83,40.76411781959532,-74.07033927913307
84,40.75097529932981,-73.9535720627611
85,40.70523142063832,-73.99218837021273
86,40.736830629662904,-73.97839018280897
87,40.73421630564883,-73.98259674572519
88,40.72493715723138,-73.97399592487605
89,40.786714754444404,-73.94393886590268
90,40.74652781645375,-73.9792935417401
91,40.73481818676383,-73.82616523271125
92,40.76694130393938,-73.97524038626266
93,40.7250668791045,-73.98349373395541
94,40.6722312118447,-73.96828248422325
95,40.7472662331138,-73.90044354898583
96,40.745715037522544,-73.98690613900894
97,40.71314749805753,-73.97757017561149
98,40.73000001887319,-73.97453085112681
99,40.891168663691595,-73.99575363717268
100,40.77740792696495,-73.97946129330768
101,40.721422945841574,-73.97051192316833
102,40.71619059973914,-73.97403216313042
103,40.741526984285706,-73.98444568839285
104,40.72435733034482,-74.00252335310347
105,40.87241259631581,-74.06581245964914
106,40.756153435747215,-73.97967234655168
107,40.75015840310978,-73.89952597121955
108,40.753989881366984,-73.9985209943166
109,40.73927493116072,-73.98485360758932
110,40.74996340515924,-74.08050277261144
111,40.77267477488002,-74.12685811560002
112,40.71526383674241,-73.95759376931824
113,40.75940894395165,-73.88713575935485
114,40.72905698405405,-73.99514936479734
115,40.70372391711538,-73.97917867903848
116,40.73076180725488,-73.97927241578431
117,40.71089203153845,-73.98746556794879
118,40.60334833324784,-73.92583574222222
119,40.75991014640346,-73.97684795991235
120,40.64928665091813,-73.98424902341308
121,40.647526124943454,-73.99355231361582
122,40.73709888432432,-73.97946379558557
123,40.74788145780487,-73.93537143211381
124,40.748951537614715,-73.98489288270646
125,40.76674664140498,-74.01011780619847
126,40.69804767558827,-73.99427510522057
127,40.72224364963636,-73.96641603718183
128,40.74795873451925,-73.99423145788462
129,40.74254722047849,-73.97844271813396
130,40.75037936297623,-73.98945262244055
131,40.75686064622812,-73.97043779307012
132,40.73267150995647,-73.99031555665233
133,40.828963903679245,-74.1047497990566
134,40.748287642241344,-73.98285850689655
135,40.737813032758616,-73.99379064801725
136,40.73565951507249,-74.0009043984783
137,40.74092077625807,-74.01000372967755
138,40.733277614542175,-73.94876645676659
139,40.77325632018518,-73.95692105481481
140,40.72813178088236,-73.99206716284317
141,40.73311542682692,-73.85982919807697
142,40.72353618938143,-73.95981874876288
143,40.7280159891216,-73.83939551763513
144,40.772265017599906,-73.94804961634306
145,40.7410215759884,-73.98444888110471
146,40.77819028607143,-73.94856394946426
147,40.797752557850465,-74.13586419018688
148,40.70202893617888,-73.95698947861793
149,40.756274243004924,-73.92566685182258
150,40.76571105987872,-73.98436690539404
151,40.73517655931033,-73.98452414103451
152,40.7422681516993,-73.99077547117635
153,40.76076102140991,-73.98304887767216
154,40.68912313499997,-73.96167196292559
155,40.73428076012905,-73.99093738729032
156,40.72268985201925,-74.00007865576926
157,40.76773697081082,-73.96318295333334
158,40.736777976181806,-73.98281317609087
159,40.79059704202619,-74.02999173490184
160,40.72124400718751,-73.99422019046872
161,40.71287769742573,-73.98102720188122
162,40.71141660030773,-73.96989904423071
163,40.72533786000003,-73.96607077808336
164,40.73516310955633,-73.98936883778157
165,40.719193572812486,-74.00370337039064
166,40.72354103255034,-73.98077609838926
167,40.73731952314286,-73.99618699761905
168,40.73385925908161,-74.05584479336733
169,40.73651464729286,-73.97989368309403
170,40.72613891750002,-74.00380686180549
171,40.739118768798434,-73.99041983585278
172,40.739874874486176,-73.95960723993157
173,40.77190152508385,-73.90745456698323
174,40.6205975392064,-74.02985065817461
175,40.737954076458365,-73.9859925549306
176,40.73378717615821,-73.97867827649716
177,40.731317040679606,-73.97615496834953
178,40.80854330033143,-73.94673514490728
179,40.91113919623321,-74.08722956816149
180,40.85056668940085,-74.02810394562218
181,40.69486971839243,-73.92709807820314
182,40.79473387622707,-73.95965815813184
183,40.643791838650785,-73.9578467836508
184,40.72531980247055,-73.96724057921566
185,40.958165473606925,-74.0645191707456
186,40.803815500430645,-73.9507888402392
187,40.75976371913278,-73.8703801749756
188,40.74085090399992,-74.02072302883994
189,40.79912578248808,-74.12753951311005
190,40.741511752159084,-73.97518755147728
191,40.73953668782859,-73.89184696337145
192,40.73580949529413,-73.9864906332353
193,40.776949851061204,-73.95222080624491
194,40.61788069396397,-73.89141537765767
195,40.76208844651853,-73.97960042770369
196,40.753543092698415,-73.97092509769843
197,40.725316985999996,-73.97314557399997
198,40.72779585617881,-73.99574315373978
199,40.74055883949612,-73.93427836697676
200,40.764016176391735,-73.96598244030932
201,40.761246453899396,-73.9559539494339
202,40.72271186084035,-73.98401869310915
203,40.75136474465112,-73.95926718263553
204,40.66399900606296,-73.88684244724402
205,40.70846984891303,-74.20619693362326
206,40.74152341274856,-73.9833210356141
207,40.87195336621364,-74.07267546839823
208,40.73193556501805,-73.99772687021661
209,40.700298862207774,-73.80903349376628
210,40.87094709135483,-74.03467254187102
211,40.721325210699995,-73.8592047989
212,40.731100601878815,-73.98816253781811
213,40.753449974553526,-73.9713859170536
214,40.76863102287294,-73.96575285486186
215,40.73840233174997,-74.12685122791672
216,40.740594041742,-74.02491241916118
217,40.775904761061916,-73.9544124111504
218,40.717746014666666,-73.96490715213336
219,40.72831176504675,-73.9828335453271
220,40.747515769424446,-73.96420829258993
221,40.829471430458064,-73.92547764793892
222,40.75041840772227,-73.96536632616666
223,40.75346779066036,-73.95664631141518
224,40.74575390725488,-73.8988564816667
225,40.74182084909092,-73.84072828876629
226,40.755803679278344,-73.98542580195875
227,40.77742222019799,-74.1118673213861
228,40.851302558018865,-73.91747855905658
229,40.705630320231215,-73.9631525795953
230,40.729569351467894,-73.98211616394494
231,40.729386401590915,-73.97994166522733
232,40.79859927895649,-73.9902398458261
233,40.740123939701505,-73.97921909395525
234,40.740782613953485,-73.9804559517054
235,40.76569724516304,-73.97538492418475
236,40.80566056336843,-73.96687629126312
237,40.7945251575,-73.75771897795454
238,40.76665131140243,-73.9266198287805
239,40.71599786050849,-73.92289228576276
240,40.70197753805083,-73.97588803644068
241,40.724857562702695,-74.03181013918918
242,40.72821307113862,-73.76753093153465
243,40.67718343408285,-73.98287152124266
244,40.757303328009954,-73.96972813134322
245,40.729945563866636,-73.98567027053332
246,40.75652532543534,-73.97044110021112
247,40.75077960928571,-73.97977632265305
248,40.719149417090904,-73.95942501045455
249,40.73214397010525,-73.97997931800005
250,40.67555516380956,-73.97325621398798
251,40.73981328959018,-73.98931875565576
252,40.744911748925645,-73.9560940213223
253,40.79342024144928,-73.99639349478262
254,40.80837707354432,-73.94748505575947
255,40.70203161126578,-73.97043879968355
256,40.74237491303921,-73.98992135431374
257,40.75960550717389,-73.97446089619567
258,40.62239736466666,-73.98866050716667
259,40.88289158543686,-74.07427879844653
260,40.752538479863,-73.98705135273967
261,40.712984266304375,-73.82689254137681
262,40.90209964873045,-73.86723018106227
263,40.72578551216214,-73.98144268594594
264,40.73540566299147,-73.92115090829047
265,40.75958740499995,-73.98091117160385
266,40.70995759878789,-73.94808388462121
267,40.83897315053742,-73.87934845226508
268,40.77053360400001,-73.96179777147374
269,40.757623612255664,-73.9771761181955
270,40.75283982800001,-73.9556447384
271,40.79480567964282,-73.96720735535712
272,40.737934340897404,-73.83726921724366
273,40.790218415320574,-73.97061227282049
274,40.75723605396393,-73.97226012684685
275,40.73604856689652,-74.00020505600015
276,40.74533489005751,-73.99063119706896
277,40.75187606493509,-73.97321594645037
278,40.66570448348624,-73.95617159311918
279,40.73904174769912,-73.99604270876111
280,40.748192784990515,-73.97654471747671
281,40.765192224570576,-74.15193442791384
282,40.75251818517242,-73.96717483471268
283,40.737333985,-73.98388543593335
284,40.72619207663461,-73.9791255051923
285,40.69955781407768,-73.95536453446604
286,40.74082955351998,-73.98473401272001
287,40.76778584831778,-74.18014559738316
288,40.75253500354714,-73.97799953683011
289,40.82417100058558,-73.91797188207212
290,40.73726807804195,-73.99239205300695
291,40.743254971920884,-73.98363697124289
292,40.79168438134022,-73.95761176711335
293,40.71127611785864,-73.96335218229001
294,40.7492810525893,-73.98579621500001
295,40.74225996734863,-73.98325336556198
296,40.75336532783263,-73.98025634665038
297,40.749400126581186,-73.9601778939316
298,40.72157212418804,-73.9729205579487
299,40.738796478173924,-73.97138252965217
300,40.853343415833294,-74.01170756677777
301,40.78297597836065,-73.95830033442623
302,40.73511993035536,-73.95259661949238
303,40.75285223614038,-73.99093911543861
304,40.73916277316939,-73.93726080612026
305,40.769433976642354,-73.96979593255465
306,40.67795045354392,-73.85577389821053
307,40.736482226534626,-74.02974233148522
308,40.731971147047624,-73.74195907495232
309,40.759131760854686,-73.97041821803413
310,40.77113846499998,-73.9599190625842
311,40.747544375869566,-73.82185225157608
312,40.739519153791456,-73.98616155052129
313,40.753846065925956,-73.96790175717597
314,40.81723980311833,-74.03145818365591
315,40.67526311340349,-73.8754799310312
316,40.666923936493525,-74.22205920922076
317,40.76311689689657,-73.98375580241385
318,40.721459032173904,-73.98980027739128
319,40.67197105226105,-74.0341759278091
320,40.72989045650487,-74.00074636242715
321,40.7535142634286,-74.02899651542852
322,40.76215034399997,-73.82935024992597
323,40.757519339821386,-73.97808860446435
324,40.739247865500005,-73.96332878809997
325,40.758990427154465,-74.00940816024391
326,40.739435970825696,-74.11242038981649
327,40.76550653834646,-74.00034325960628
328,40.71189414583894,-73.99533351167784
329,40.7319709036937,-74.01143206612613
330,40.7189144388043,-73.9905780511413
331,40.74028217870089,-73.89363465540774
332,40.80259687335936,-73.95693480625
333,40.71154584175923,-74.01466509925935
334,40.731613270744624,-74.01819296835106
335,40.651902503313075,-73.93575421881435
336,40.73835430923726,-73.9750545821186
337,40.81722178570554,-74.1430759931901
338,40.721909077545476,-73.99239854190917
339,40.731073243619065,-73.99760125000002
340,40.71393684298583,-73.98141656521327
341,40.73841898000001,-73.96370898594346
342,40.746730463989365,-73.98678939372331
343,40.679139564935475,-73.85549676996756
344,40.7489491651799,-73.89161278046012
345,40.75476828034784,-73.9841847194782
346,40.86512892437953,-73.87143294197081
347,40.92117416647052,-74.05412484047048
348,40.722829529920666,-73.96843941460324
349,40.785183375409396,-73.96849518562365
350,40.758629393008135,-73.97374267373982
351,40.7361574561792,-73.94626305014151
352,40.75865098435484,-73.96466824919356
353,40.734616472203356,-73.98296267203405
354,40.68179122980905,-73.95313528655895
355,40.73883774686862,-73.91247211959585
356,40.717825271851844,-73.96560269675922
357,40.70818789686437,-73.98635947593215
358,40.73779281782607,-73.96725678426083
359,40.815399495525654,-73.93345807264409
360,40.72268953761364,-73.96383430221594
361,40.72932060203008,-73.98631668639102
362,40.736718297267736,-73.99630411267759
363,40.72371919221375,-73.97018580198475
364,40.7619811045238,-73.9607823208333
365,40.78008509839011,-73.99660484167165
366,40.74133245110293,-73.8333976458824
367,40.74358600896296,-73.98045835740741
368,40.76142115305342,-73.9712852596183
369,40.754751435799996,-73.96638898389998
370,40.73545420178862,-73.98460586756102
371,40.775974565989,-73.8118305956044
372,40.73000600808596,-73.99479094277493
373,40.77429979169931,-73.96019563823526
374,40.782567996578955,-74.02535589429819
375,40.73469587040817,-73.98458103217702
376,40.74611158144231,-74.03688437230763
377,40.739437363597865,-73.9723402622223
378,40.86495828432987,-74.0620953660825
379,40.79739577905887,-73.91795140058825
380,40.600654430511,-73.79832638897821
381,40.649416811287104,-73.9561568644554
382,40.862624543223134,-73.8777504726447
383,40.75939944659092,-74.16416520386362
384,40.73806801993069,-73.98170052584422
385,40.847626422899964,-74.0862790154
386,40.793734350606925,-74.14432914528886
387,40.7964318125,-74.09741894491376
388,40.74822104000004,-73.97568011330826
389,40.75732288490194,-73.97074726499996
390,40.71391269830089,-73.99421971412258
391,40.787397121030935,-74.06018537268044
392,40.74007725552084,-73.98720492604167
393,40.69026864239314,-73.9678584141881
394,40.79102910149999,-74.03761081530001
395,40.74978190139533,-73.98727955453488
396,40.826892440227965,-73.95274076192156
397,40.734090174699986,-73.89345951314996
398,40.73387389038463,-73.84134296153846
399,40.74602297118181,-73.98269431727273
400,40.73059779564357,-73.98511874445548
401,40.72191661152868,-73.96201522515922
402,40.757985143312894,-73.97653855134988
403,40.73522932585585,-74.03602595576578
404,40.71824497890908,-73.80367034369694
405,40.74040119746269,-73.97619744097014
406,40.71975467373135,-73.98187854992538
407,40.73765121765626,-73.9827221446875
408,40.770832636964286,-73.96522406613107
409,40.753953800425556,-73.98757009971634
410,40.72116462064221,-73.96671401330276
411,40.75458499052632,-73.97466602902252
412,40.76357354441446,-73.92060232576567
413,40.73616995184354,-73.94285584972066
414,40.748205714122804,-73.95042811789475
415,40.76444957076922,-73.9803782176923
416,40.73987210231885,-73.97789175514491
417,40.73441668483721,-73.98136701739529
418,40.74348382070707,-73.99630864484853
419,40.78549151279767,-74.05437173547614
420,40.757185617850475,-74.00848749317764
421,40.74194824267327,-73.98007234257427
422,40.74282910805074,-74.21752787678273
423,40.74363334674998,-73.99286985675008
424,40.70415543432624,-73.98221912609928
425,40.94677415197055,-74.10299126485307
426,40.859392170555566,-73.90054513625006
427,40.73810164203823,-73.970179143758
428,40.649963063087185,-74.0196807460403
429,40.68712999300819,-74.04838737056903
430,40.76071702352943,-73.84233528436978
431,40.74505789629435,-73.99842995477158
432,40.778373454471016,-73.96597805542656
433,40.74529899198416,-73.97911064833337
434,40.80943250052239,-74.0307640765672
435,40.7758296364647,-73.96462591919173
436,40.74606612640781,-73.97604505669904
437,40.75617585884953,-73.96385046823008
438,40.7659992389399,-73.96889894752663
439,40.777864849596966,-73.84037040743077
440,40.735482572235384,-74.00165561463608
441,40.748283629941184,-73.9375540988824
442,40.7663938674138,-73.93939161008622
443,40.80341719158476,-74.0035740318093
444,40.74483110122638,-73.90861074811339
445,40.80544769325355,-73.94818265541879
446,40.71794895966671,-74.05881165849999
447,40.77961271946307,-74.12371836040269
448,40.76735818174445,-73.99623687665479
449,40.71994110576579,-73.97526699522524
450,40.75872378064705,-73.95813046982353
451,40.787029186904775,-73.95989910595242
452,40.60132931328,-73.98077845904004
453,40.76376500540539,-73.993499115045
454,40.74876654217393,-73.99480573267081
455,40.74545238925236,-73.84973098859814
456,40.749218159358335,-73.99281675085558
457,40.74790843760329,-73.98144473355384
458,40.6782130942737,-73.92649419057629
459,40.79586483302017,-73.96628357624161
460,40.74520489531468,-73.98145889930072
461,40.67369329650554,-73.9622008164685
462,40.72660919883332,-73.98857533
463,40.751602325416634,-73.961310194
464,40.76519640742691,-73.98078543812868
465,40.737403564666664,-73.993483325381
466,40.748648414411775,-73.97564098921566
467,40.727984032755124,-74.00758332989794
468,40.873249836192265,-74.10857520853855
469,40.74797888186276,-73.94446369235297
470,40.74602168158165,-73.98144826729592
471,40.75411657984615,-73.97778571353855
472,40.715709339611976,-73.87189241525387
473,40.773055597250014,-73.9556952470001
474,40.70064530537967,-73.98819015363947
475,40.73028538774198,-73.9878335866936
476,40.73349218828766,-73.9956070091781
477,40.72012514627115,-73.85094244466094
478,40.83206399895348,-73.94310579482554
479,40.775165137305365,-73.95162225616764
480,40.72490417175101,-73.89079330404684
481,40.71048136792393,-73.9972390158477
482,40.67347412821701,-74.07362459337209
483,40.633511295663716,-73.93016954150443
484,40.72298336352104,-73.96985544663525
485,40.72833840440862,-73.99118955752685
486,40.729686346610144,-73.98299770703387
487,40.66677526393332,-73.94638308573329
488,40.830106880647925,-73.94298970436286
489,40.667247592521726,-74.20370204895647
490,40.84076358630632,-74.02751214765767
491,40.74663551415095,-73.98818504339626
492,40.788098855250645,-74.10983037300636
493,40.81571599444445,-73.91193733909093
494,40.720455351965796,-73.97536867282054
495,40.765149695099964,-73.9968952025
496,40.78794889279219,-73.9568615375324
497,40.85192683844594,-73.91225882797293
498,40.65151694466322,-73.97287801854918
499,40.72205713191917,-73.97402864555553
500,40.73567938233084,-73.97640381481197
501,40.73162757216416,-73.98001460208954
502,40.75698152719697,-73.99836143583333
503,40.74873112638393,-73.98549890473203
504,40.74003923932585,-73.99652346252816
505,40.74426205429578,-74.01820019471829
506,40.72916207457144,-73.96793643390488
507,40.725719280116316,-73.98035351761631
508,40.645020704146354,-74.0574870280488
509,40.72111244847712,-73.97617823685275
510,40.74750277399998,-73.94711332883332
511,40.72568625568181,-73.9666283372727
512,40.842741432783015,-74.0697553262263
513,40.729234068106095,-73.9534310887879
514,40.70215856408757,-73.97881924226274
515,40.755343842172415,-73.98846870548275
516,40.73146865253845,-74.01988838161539
517,40.736270911693126,-73.99012328227518
518,40.72711246397626,-73.98082551669265
519,40.74743058526307,-73.9793991771532
520,40.74344322267328,-73.8988243182178
521,40.679241113299426,-73.9694871149426
522,40.83844599560742,-74.17368558850477
523,40.74705593154639,-73.98410946845368
524,40.77626285303278,-73.9144833636886
525,40.94639487827585,-74.08783071551728
526,40.73121046898304,-73.97672861638424
527,40.77170807517689,-73.96523463836371
528,40.717287012774875,-73.99956415701561
529,40.754198777424044,-73.94366150192708
530,40.73986166040815,-73.99200865336732
531,40.93343130504346,-73.97874322721744
532,40.73154466230767,-73.98460146786321
533,40.805598353322125,-74.18300238498297
534,40.71901460663636,-73.98356851763633
535,40.727032614803925,-73.9749013166666
536,40.758289388150295,-73.92031324080938
537,40.75911937043792,-73.96146860430656
538,40.7480001245299,-73.9872668392308
539,40.75175637426161,-73.97853159257386
540,40.68311095363637,-73.76924882636364
541,40.89549027853793,-74.10594165169603
542,40.77369531936168,-73.9831796188298
543,40.75046260361907,-73.98273363590472
544,40.74902393836202,-73.97644650844839
545,40.69430676508023,-73.93487554534757
546,40.72235387336444,-73.85923960411222
547,40.7352567251087,-73.98497053663044
548,40.7497804302381,-73.98125161238097
549,40.66713130331164,-74.07245679493508
550,40.73429618719625,-73.99015215457948
551,40.716757051656046,-73.97966986261144
552,40.69957083379307,-73.93303335668973
553,40.71616764415102,-73.87604090720124
554,40.711698317898545,-73.82534381057975
555,40.756062778030305,-74.00368840643931
556,40.697193626126136,-74.04084752333327
557,40.724422671164014,-73.98928065089927
558,40.73791103984127,-73.9800629952381
559,40.77156005190479,-73.95767591258497
560,40.79777807665243,-73.91946091605152
561,40.738350787142814,-73.99447985571435
562,40.827428500852655,-73.90629732046517
563,40.7237542685965,-73.97037570903504
564,40.75160543407773,-73.97053601456304
565,40.76647692999995,-73.9603429770121
566,40.73721380125631,-73.98524256638193
567,40.76190331761902,-73.95728748126984
568,40.76534202300527,-73.95807116989634
569,40.7546903447414,-73.99715872034481
570,40.75356115218978,-73.98011639284671
571,40.80842771889309,-73.94474819055355
572,40.7575372240397,-73.97056594632453
573,40.82908523506974,-73.85831185962802
574,40.735058306,-73.98075681426093
575,40.71903083414287,-73.9800748042857
576,40.7368349267347,-73.9135290222449
577,40.73761939883817,-73.99153892340246
578,40.78212101171873,-73.960413054375
579,40.66837097967106,-73.96968141111844
580,40.63326368742854,-73.99976976647622
581,40.73725912904035,-73.9597057729292
582,40.63366545473923,-74.0589501862359
583,40.709529862432454,-73.91536718261263
584,40.680392303269265,-74.18020061493594
585,40.9313673803203,-73.87398849971504
586,40.74708504350001,-73.98254519685717
587,40.75511451289721,-73.98408404841126
588,40.74885343622949,-73.97776409540985
589,40.95663535659782,-73.97366205917544
590,40.743806493421054,-73.85929558122821
591,40.727868271968084,-73.99191670361702
592,40.644652147063496,-74.08686825611109
593,40.80849927036278,-74.05899682770978
594,40.7324451129771,-73.98554688190842
595,40.62577788858163,-74.10045434124115
596,40.81201752651336,-74.08863081547882
597,40.73052396107146,-74.05234772910714
598,40.74842800882684,-73.97207909614538
599,40.73393460889474,-73.97354589184191
600,40.74932998483607,-73.98883581729505
601,40.730699079700024,-73.97648511539997
602,40.70419975671052,-73.96321438802636
603,40.62113878052171,-74.14046443173929
604,40.89609237900002,-74.1502752045
605,40.778890836894426,-73.98001493236018
606,40.74578773801798,-73.97945194486475
607,40.71561282314818,-74.04059741916669
608,40.741918861013474,-73.99678428358116
609,40.75184284210526,-74.05169651327485
610,40.7267153761,-73.96325089259996
611,40.736223900314535,-73.98837978899371
612,40.76993451841025,-73.96612344769225
613,40.76131700362746,-73.9698614471568
614,40.73848119940301,-73.98745270320892
615,40.73996376427748,-73.9883160094797
616,40.791090384279435,-73.92603975061135
617,40.80669923644266,-73.99245631691696
618,40.74052152522221,-73.97587755183334
619,40.74696301467536,-74.06089987896097
620,40.83403917651609,-73.9077338234839
621,40.82991884595022,-74.03494301692314
622,40.861700120786494,-73.99294563977534
623,40.72002964220082,-73.99372762652501
624,40.7623640987045,-73.98004161939275
625,40.6848294354808,-73.97466887480766
626,40.770739742248715,-74.05942751468902
627,40.81817413415095,-74.02126619896227
628,40.813202843608515,-74.1833886999388
629,40.78358033114092,-73.91534284013429
630,40.90174678256,-74.04588164824006
631,40.88929200782255,-74.06977544782261
632,40.76915617812906,-73.97068127845165
633,40.738507761153876,-73.99042139225276
634,40.81683943568492,-73.99350740130133
635,40.69606540406648,-73.92703208097188
636,40.71923612219297,-74.01868590754387
637,40.70961448283465,-73.98319210566932
638,40.799762346470594,-73.93402904368983
639,40.766546363275886,-73.95758073936786
640,40.74359106888301,-73.98990053521273
641,40.76710370811117,-73.84606292688896
642,40.702367908819205,-73.97134804594087
643,40.792067028181776,-74.23710403448058
644,40.6671271732,-74.02439401504004
645,40.74706942113441,-74.03614880128359
646,40.73348606796722,-73.98957395960659
647,40.7335553908844,-74.02764862758498
648,40.69724113602562,-73.86337739923079
649,40.73699947802632,-73.97499976666666
650,40.76749598284482,-73.96143013793103
651,40.78213223157304,-73.94575309584272
652,40.79527487947801,-74.05375096244504
653,40.65534842019418,-73.96621644834954
654,40.77251721893495,-74.02994827491133
655,40.736425651290354,-73.93334805532263
656,40.71264852950003,-74.16619930629997
657,40.754732136376774,-73.98958438473433
658,40.79994003338132,-73.92682835733818
659,40.72230967676992,-73.98605169225677
660,40.72658370587098,-73.98316418909681
661,40.87749616253519,-74.0787043609859
662,40.7304057854963,-73.97523040461013
663,40.75681183943926,-74.0004728698131
664,40.70111057661878,-73.96030821254976
665,40.75045884335959,-73.97639789509186
666,40.74917113713041,-73.96178817434775
667,40.87582482211259,-74.13813962514081
668,40.775872261176474,-73.9546078457843
669,40.76937774237287,-73.97505181135593
670,40.87922561788731,-74.10218019436624
671,40.79981050828286,-74.09754059333339
672,40.86962840402601,-74.17255920545459
673,40.64789274947365,-73.98815474342099
674,40.72990305503998,-73.99747333936007
675,40.764109310654774,-73.96555536672618
676,40.73674067618422,-73.99422580802629
677,40.830567652293624,-74.08805779385321
678,40.87672095641794,-74.06665754432844
679,40.69453613468085,-73.9774645285107
680,40.73444238374999,-73.98658541441667
681,40.738781589913785,-73.97047967551723
682,40.75169863716982,-73.9676536517452
683,40.72908248858587,-73.96832011777774
684,40.85942884241835,-74.09317779686272
685,40.743394405000004,-73.98721386358208
686,40.738993454473686,-73.98538564236844
687,40.753740158307664,-73.85799474846155
688,40.73962873202828,-73.99135406033783
689,40.73437052889418,-73.95867796772656
690,40.75542463632809,-73.97597204031256
691,40.7642141775203,-74.18297457337395
692,40.705135498311705,-73.97723809272725
693,40.76964145475807,-73.96020386153222
694,40.730222525188,-73.97885833180449
695,40.78793621414414,-73.96797680306305
696,40.80548455175681,-73.9951246156082
697,40.7529471170618,-73.9724838105156
698,40.676360283131274,-74.06010582696965
699,40.69216627979603,-74.02168944074843
700,40.74776382861112,-73.98840664500005
701,40.7343684397872,-73.98098672156028
702,40.665911870323825,-73.91373845396764
703,40.733003725845094,-73.98429313260561
704,40.746010270484824,-74.05984227496967
705,40.6229799690163,-74.14292970300559
706,40.7051001340566,-73.81820081935867
707,40.76517308277373,-73.91461720686141
708,40.749807082346074,-73.91754587673093
709,40.72511583433728,-73.97692411180715
710,40.823934380119034,-73.8923338630953
711,40.77062083152672,-73.96978836435117
712,40.75809486659685,-73.98527794628271
713,40.74550930228574,-73.9755679178571
714,40.83013025690648,-73.94886219352519
715,40.73871696621213,-73.96562493234849
716,40.715345649361694,-74.08153897893617
717,40.76294810705881,-73.96559609058819
718,40.80382967799124,-73.95453045218326
719,40.84915134600002,-74.04899267815
720,40.87779033163787,-74.20917085206901
721,40.70399627883564,-73.96230043821919
722,40.63899902307259,-73.9880904323185
723,40.70703828943856,-73.99608790842106
724,40.65219439514021,-73.98077599551402
725,40.76768168612681,-73.96352856197188
726,40.68498824603822,-73.94360633534598
727,40.742586842580614,-73.98671054834092
728,40.741893570049996,-73.99411521699996
729,40.92294347488195,-73.99941078708663
730,40.77440686609567,-73.9752594661876
731,40.758717536066655,-73.98046600560004
732,40.72991809982608,-73.99099501043469
733,40.76117496981815,-73.98563298131822
734,40.90255884798118,-74.0322462463741
735,40.64747510338384,-74.09537066787873
736,40.74864128963854,-73.9766719413254
737,40.733213522436515,-73.9938394945178
738,40.72710447693545,-74.01060301661288
739,40.809503322772215,-73.91696907712867
740,40.73479784576921,-74.04983914269235
741,40.82193580506023,-74.05135180710846
742,40.72019656123098,-73.96395128935939
743,40.70276917558559,-73.97134611468468
744,40.749657266269615,-73.98505696766291
745,40.72944469551632,-73.9758878964944
746,40.72991074056127,-74.01809285336738
747,40.704460479298234,-73.98358733035087
748,40.80384020090907,-73.88860189837668
749,40.75196971517857,-74.06530515714289
750,40.70919722759297,-73.95277369671759
751,40.69856038147722,-73.98286419085234
752,40.85024584759362,-74.17605038967909
753,40.74643769215767,-74.03109599286303
754,40.779186255196656,-73.97929445939651
755,40.89321314733814,-74.00536595589932
756,40.74781962480319,-73.98584324661422
757,40.85100040714935,-74.01844156185514
758,40.70399589086667,-73.78027820940004
759,40.73073736847562,-73.9972464093293
760,40.74054558952756,-73.98159612984252
761,40.67876258044872,-73.88585488500001
762,40.725638147054795,-73.9891837449999
763,40.68986919047098,-73.97529178974631
764,40.74821258154544,-73.98739538154544
765,40.78082540512194,-73.91854284219507
766,40.76676888591721,-73.99409750065085
767,40.71833847487393,-74.048897170084
768,40.821420374823,-74.02990244468548
769,40.78904025422679,-73.9477723464949
770,40.82037223879307,-73.91118429577583
771,40.742831158857136,-73.97919325714281
772,40.750049600236245,-73.96689734448817
773,40.803174930000026,-73.95135765847093
774,40.777796379215665,-73.95374537137255
775,40.753940187659566,-73.91814931319153
776,40.68685124302631,-73.95728803796061
777,40.64692951256637,-74.00243044106202
778,40.713271034895904,-73.9969951957813
779,40.80897179264151,-74.11324550188685
780,40.73569108257865,-73.9886551128302
781,40.85917248992428,-74.09881252526507
782,40.75117114221311,-73.94330711508198
783,40.73864660154248,-73.98864907585104
784,40.606028687068275,-73.96728359706826
785,40.72483351962965,-73.96773449657411
786,40.76653714382354,-73.96630772669128
787,40.67243876419686,-73.97044288797922
788,40.767532596779645,-73.96975502050843
789,40.84615230573033,-73.95644859820229
790,40.719897245454554,-73.93653963181815
791,40.747348804375015,-73.99045338999998
792,40.90880633355027,-74.04918348118352
793,40.741346780733345,-73.98762963853335
794,40.73574644194031,-74.19020520358211
795,40.63723432075187,-73.94445108729329
796,40.84997166509682,-73.80519465083874
797,40.747797837301555,-73.97650039674602
798,40.82373255375547,-73.90085613091692
799,40.75401893075471,-73.96070170556608
800,40.7493633751598,-73.98777926319637
801,40.79441133680411,-73.9411614789691
802,40.67060056606386,-73.98914736127668
803,40.76195871385294,-73.99971256220766
804,40.737284189745225,-73.9817359374522
805,40.72595304084849,-73.98235342478789
806,40.73867204808217,-73.98120244523282
807,40.85051888974999,-73.83380638691665
808,40.71930425838713,-73.95417539733877
809,40.73589090455361,-73.98612713089294
810,40.90824581966383,-74.06541255201691
811,40.757599441759254,-74.06942700351851
812,40.752553807241384,-73.982731822069
813,40.76135762958084,-73.9520878388621
814,40.730753129783764,-73.99501960989195
815,40.75293531370787,-73.90517901421356
816,40.90522300881571,-74.03317472849979
817,40.79061621077782,-74.06832307277774
818,40.74836162353851,-73.98142394523066
819,40.662461288871945,-73.92513962101947
820,40.751964757317715,-73.96848751152362
821,40.728968508761874,-73.98900730495245
822,40.74253351767243,-73.95978387336206
823,40.74374669580247,-73.98096329370372
824,40.87744148706296,-74.02847575867138
825,40.7626999395,-73.96669573775002
826,40.733406134000035,-73.98732692125007
827,40.78264897255457,-73.8139795580794
828,40.736409111,-73.81072595442859
829,40.665351758260876,-73.79335428510872
830,40.74020255098366,-73.99767109661208
831,40.88202743257141,-74.04655062266669
832,40.73936865648149,-73.97680445222228
833,40.73580226830986,-74.00325881436622
834,40.83260478714289,-74.1545201817583
835,40.695993500270276,-73.95313096090092
836,40.77728616345348,-73.95451142587615
837,40.66196177630844,-73.98294113299072
838,40.71438952218182,-73.94824329515149
839,40.8116306426946,-73.97350518365273
840,40.73700710043478,-74.03087352724638
841,40.745138632222236,-73.98456995650794
842,40.749799867184166,-73.9302550106858
843,40.773017976736845,-73.95697717705264
844,40.809807194809196,-73.89555680839702
845,40.90187522271182,-74.10244361237287
846,40.8379950929268,-73.93018566308936
847,40.72547444990656,-73.9993120985047
848,40.70517046701757,-73.98517626833328
849,40.75558093913907,-73.99752930721857
850,40.72957953108842,-73.97737063938783
851,40.78006593455958,-74.06257401663196
852,40.73530692990098,-73.98554717801983
853,40.76023738428577,-73.93820823952387
854,40.655957629148894,-74.01120123329795
855,40.82837180688077,-74.14666557908258
856,40.734451360161295,-73.9818195957527
857,40.758208647824056,-73.96709540736126
858,40.731121642376216,-73.98654766306935
859,40.668208536268665,-74.00153570850756
860,40.778560689349554,-73.96600839008127
861,40.79505747055996,-74.13718047855997
862,40.71110513122337,-73.94733586095744
863,40.72808248177086,-73.98748972041663
864,40.691046065123984,-73.88315481314054
865,40.70684932423237,-73.99475861697098
866,40.73450314152941,-73.96927313894119
867,40.70795427954957,-74.07106871216219
868,40.74430161982763,-73.97843781262927
869,40.73288344285713,-73.95289891980953
870,40.7375429372727,-74.14336521148759
871,40.80408860229993,-73.89696605059997
872,40.79762617100613,-73.96945866256969
873,40.646766288877586,-74.09583901551028
874,40.68791958959352,-73.72562926788619
875,40.75301623271022,-73.97617926626181
876,40.84470178567165,-74.08793970253731
877,40.63541452352943,-73.99772371509815
878,40.72740034081251,-73.96943215099996
879,40.742293173473705,-73.97332363957892
880,40.781705516991465,-73.95451682435534
881,40.80890195755707,-73.93992157470305
882,40.74634795609055,-73.96731737024696
883,40.72063785238095,-73.9179951177143
884,40.73113676629999,-73.98189359409997
885,40.75099907835553,-73.9712871370777
886,40.73072633140349,-73.9799835617544
887,40.74156145111941,-74.01931985455218
888,40.73313654544681,-73.99226151157448
889,40.901902173340865,-74.02517121380185
890,40.7279488417007,-73.9625927427211
891,40.873235176441725,-74.04633220171773
892,40.82017629549182,-74.02934803418037
893,40.729155743981465,-73.99073563203712
894,40.73763319911602,-73.96440355762437
895,40.91463867672928,-73.7769705562265
896,40.894499996419775,-73.85683093086426
897,40.722449321792446,-73.97465023198114
898,40.7415010854054,-73.9870944336937
899,40.723415494705925,-73.98246471676471
900,40.736803477770124,-74.00127926862615
901,40.708576961082855,-73.7844819737097
902,40.89125745094721,-74.06516157272992
903,40.74393687270833,-73.98280424354164
904,40.70690315157892,-73.97908837994734
905,40.72465219413799,-73.96282899916261
906,40.71758050532788,-73.9978531430328
907,40.813781890526336,-74.17546840276317
908,40.78744578938146,-73.95404940015472
909,40.769828749202425,-74.14290944527605
910,40.60996098431029,-73.98580583482766
911,40.689629977478205,-74.08609952169563
912,40.74442106072465,-73.97161797507249
913,40.71788939756521,-73.98147829591304
914,40.82699608279665,-73.82955553330504
915,40.67133911074693,-73.82274583203308
916,40.7097415827361,-74.05370823420195
917,40.72792537020984,-73.99465214916088
918,40.74626740117652,-73.98190401491973
919,40.77713866366466,-73.70137786987588
920,40.71104189479386,-73.85332057737115
921,40.73027724233766,-73.8904566103247
922,40.73257340262427,-73.96384797629823
923,40.689871819014066,-74.05451766422532
924,40.74237858515153,-74.05948566227272
925,40.74591932532849,-73.99531230744533
926,40.71037780927537,-73.99392886108699
927,40.708982834701494,-73.97611783499997
928,40.79577207350686,-73.94589955336988
929,40.76734945238348,-73.95308772139883
930,40.73634450153223,-73.8745556834677
931,40.72367166140627,-73.97737124304692
932,40.78850538067412,-73.95942218443818
933,40.74894802056601,-73.97228213688678
934,40.823869225324444,-73.97357653785215
935,40.711090122232136,-73.88687341517854
936,40.67684942741141,-73.9457292681916
937,40.71389292495798,-73.96415180504201
938,40.73854890395835,-73.9269606367361
939,40.755838813204434,-73.96891705270724
940,40.7287688964062,-73.99808442437497
941,40.92853590245157,-74.07146254690329
942,40.72430983782178,-73.96233242376235
943,40.801514711042444,-74.03986366438144
944,40.74504685431192,-73.9854400917431
945,40.83675414557048,-73.89404072751684
946,40.68794201852461,-73.78597610516394
947,40.73219424367816,-73.98325317666665
948,40.73523641611117,-73.99693682555555
949,40.70393883590909,-73.98003761645454
950,40.789761340406486,-74.05372756227648
951,40.77293449605131,-73.97633645213674
952,40.73745831130771,-73.83224144569236
953,40.7549752022747,-73.97543339579396
954,40.879471284510934,-74.02581558070659
955,40.715772470192285,-74.1818253640384
956,40.70439212344831,-73.97580650255173
957,40.78324241973858,-73.9348508014379
958,40.81135694209869,-74.1844955276543
959,40.82906938097342,-73.93967445893811
960,40.797092266363656,-73.95769221454547
961,40.930395500841115,-73.97708541233642
962,40.72680008572164,-73.98595203798955
963,40.74124660158335,-73.96866607741663
964,40.7689988021804,-73.83842518984949
965,40.72456058790589,-73.93307991120426
966,40.745526642761185,-73.98961470380593
967,40.718550877454554,-73.97570749036367
968,40.79561129266662,-73.9556106350371
969,40.752560465110086,-73.97714954854632
970,40.76611672840488,-73.97073308957061
971,40.78809649014084,-73.93309866915494
972,40.65123647060346,-74.06462066810344
973,40.74529121203125,-73.98925337906253
974,40.73054909043716,-73.86896437937116
975,40.796955034158366,-73.90453303574255
976,40.708611720867914,-73.95075772106676
977,40.73358834435716,-73.9895703091428
978,40.72729433857141,-73.98354338918367
979,40.62942822005591,-74.0411019072069
980,40.7299728232189,-73.97625731081547
981,40.73139919508334,-73.98108418458334
982,40.723458434230764,-73.98772300676924
983,40.74244795354063,-73.97640449435409
984,40.7473711417143,-73.98091128228582
985,40.74098165054797,-73.98177994917799
986,40.80582123445546,-74.13226582089112
987,40.79647271438271,-73.94963165641968
988,40.82289219586502,-73.93506324008435
989,40.74113582708865,-73.98343923531651
990,40.724274657374664,-73.90068910714328
991,40.737995409671,-73.96924838296056
992,40.6407879189512,-73.97298004178052
993,40.65801399699999,-73.9489000417692
994,40.718357151181124,-73.97937552535429
995,40.68290307365854,-73.90097382981702
996,40.82601036907894,-74.11653823315787
997,40.794554907542825,-74.15291136199995
998,40.765761940194196,-73.97315065708739
999,40.76265262502646,-73.96968692523811
1000,40.731609076723274,-73.90803173033885
1001,40.741170812040814,-73.98352048999998
1002,40.77686553428569,-73.95618585761905
1003,40.70804274600001,-73.90128769992857
1004,40.6921154459302,-73.94823111023253
1005,40.74239508746378,-74.06973728869566
1006,40.68373683887968,-73.8533516854771
1007,40.74068613147541,-73.98258877180331
1008,40.72510004828284,-73.88956954575755
1009,40.74852512141237,-73.99237061463288
1010,40.80156784330099,-74.13869573504857
1011,40.749499540733346,-74.01022076653331
1012,40.7457079241597,-73.93165497945378
1013,40.72750692100722,-73.98833626438855
1014,40.75452786670736,-73.95723218920736
1015,40.78560839429412,-73.93902282411764
1016,40.90712205197806,-74.02943670186818
1017,40.83170106364127,-73.8716600084597
1018,40.751359107580654,-73.95318156935481
1019,40.70591966791666,-73.98617538935599
1020,40.71026246036034,-73.97543473153155
1021,40.69442845648853,-73.97999006007633
1022,40.7475751416,-73.9938737973
1023,40.75264978915254,-73.98347423042372
1024,40.746654639684195,-73.94897830315789
1025,40.812297835146225,-73.91755208286556
1026,40.728298399745746,-73.97486180000003
1027,40.732877605833295,-73.97926350159092
1028,40.71433967165414,-73.98382043150374
1029,40.8503939338368,-74.13817606877562
1030,40.74522282144327,-73.98334155206183
1031,40.7603036343916,-73.97260751079355
1032,40.877679839787234,-74.07598795425533
1033,40.75617998123456,-73.98306067506174
1034,40.74027858045455,-73.99879857799996
1035,40.73747265952756,-73.98155725629921
1036,40.76478087398056,-73.78638791524266
1037,40.747561474144156,-73.96188959981978
1038,40.740612620857114,-73.95830660421433
1039,40.751160167222196,-73.98071881802467
1040,40.74421537556997,-73.98451867622133
1041,40.71335506715594,-73.78445849944943
1042,40.736848434611105,-73.98124851638894
1043,40.71773938829266,-73.84709431463415
1044,40.80139177441479,-73.93668659521259
1045,40.738676559912925,-73.98566339978242
1046,40.86777841711865,-74.1868068023729
1047,40.75375753773696,-73.9084188159914
1048,40.72203806045456,-73.99102907636363
1049,40.729700034309374,-73.98379332928181
1050,40.70733491235953,-73.96424032550566
1051,40.749069666123646,-73.9985933165731
1052,40.731203104399995,-73.83930294300006
1053,40.75116551263441,-73.98348852741938
1054,40.85813640158439,-74.09395753976628
1055,40.732342064382934,-73.99133395263823
1056,40.74414037254388,-73.98008672201753
1057,40.7665650859854,-73.89177660255467
1058,40.76073521068782,-73.95452964539673
1059,40.71983968999999,-73.9630645535442
1060,40.78368351975002,-73.96070754016657
1061,40.76055700017701,-73.98606167548671
1062,40.75152138126579,-73.88187156088605
1063,40.810532348256906,-74.17174743880733
1064,40.73310563685949,-73.98643226983471
1065,40.725442155333354,-73.95741897571429
1066,40.758950773636386,-73.98438683595958
1067,40.81640802889999,-73.99908091150002
1068,40.76269652568962,-73.97831049451725
1069,40.77389872642859,-74.10839050866072
1070,40.70071917706097,-73.98869092232844
1071,40.77738195091837,-73.95994882673469
1072,40.745468133925236,-73.94093779710282
1073,40.71631037729999,-73.95784900209999
1074,40.76242258460831,-73.98992341870968
1075,40.8199200438983,-73.96121992957629
1076,40.73827697994221,-73.99143738237001
1077,40.77043614762712,-73.96494839610169
1078,40.775170543580266,-74.14039234691343
1079,40.7517753771028,-73.97463016121502
1080,40.749881130094344,-73.9742177803773
1081,40.73910062693545,-73.87297488129035
1082,40.68995654090089,-73.88091665274771
1083,40.742043710109044,-73.99117721461805
